{
  "type": "minecraft:crafting_shapeless",
  "ingredients": [
    [
	  "minecraft:rotten_flesh"
	],
    [
      "minecraft:music_disc_13",
      "minecraft:music_disc_cat",
      "minecraft:music_disc_blocks",
      "minecraft:music_disc_chirp",
      "minecraft:music_disc_far",
      "minecraft:music_disc_mall",
      "minecraft:music_disc_mellohi",
      "minecraft:music_disc_stal",
      "minecraft:music_disc_strad",
      "minecraft:music_disc_ward",
      "minecraft:music_disc_11",
      "minecraft:music_disc_wait",
      "minecraft:music_disc_otherside",
      "minecraft:music_disc_5",
      "minecraft:music_disc_pigstep",
      "minecraft:music_disc_relic",
      "minecraft:music_disc_creator",
      "minecraft:music_disc_creator_music_box",
      "minecraft:music_disc_precipice"
    ]
  ],
  "result": {
    "id": "minecraft:music_disc_11",
	"components": {
	  "minecraft:jukebox_playable": "weeb:gats",
	  "minecraft:custom_model_data": {
	   "strings": [
	     "gats"
	   ]
	  }
	},
    "count": 1
  }
}