{
  "model": {
    "type": "minecraft:select",
    "property": "minecraft:component",
	"component": "minecraft:custom_name",
    "cases": [
      {
        "when": "a",
	    "model": {
		  "type": "minecraft:model",
          "model": "minecraft:item/iron_helmet"
	    }
      },
	  {
        "when": "b",
	    "model": {
		  "type": "minecraft:model",
          "model": "minecraft:item/leather_helmet"
	    }
      }
    ],
    "fallback": {
      "type": "minecraft:model",
      "model": "minecraft:item/netherite_helmet"
    }
  }
}